population_group_id,population_group_name,measure_id,measure_name,location_id,location_name,sex_id,sex_name,age_id,age_name,cause_id,cause_name,metric_id,metric_name,year,val,upper,lower,Country Name,Country Code,gdp_per_capita_ppp,log_gdp,predicted,residual
1,All Population,2,DALYs (Disability-Adjusted Life Years),18,Thailand,3,Both,22,All ages,632,Gout,3,Rate,2021,34.47234241214314,49.895130478353366,22.63886277632973,Thailand,THA,20242.7700035656,9.915552971920892,20.819362503138123,13.652979909005019
1,All Population,2,DALYs (Disability-Adjusted Life Years),16,Philippines,3,Both,22,All ages,632,Gout,3,Rate,2021,15.952341100179712,23.01995229677456,10.480357528898455,Philippines,PHL,8857.78995115514,9.089052571304624,14.66626528443058,1.2860758157491325
1,All Population,2,DALYs (Disability-Adjusted Life Years),19,Timor-Leste,3,Both,22,All ages,632,Gout,3,Rate,2021,12.331008436494752,18.05647846947762,8.025052325318285,Timor-Leste,TLS,6825.04588630745,8.82835434329905,12.725429514155081,-0.3944210776603292
1,All Population,2,DALYs (Disability-Adjusted Life Years),11,Indonesia,3,Both,22,All ages,632,Gout,3,Rate,2021,20.391509214349004,29.800483350129923,13.20387581615234,Indonesia,IDN,12757.0746440204,9.453841270741709,17.382029644918035,3.009479569430969
1,All Population,2,DALYs (Disability-Adjusted Life Years),20,Viet Nam,3,Both,22,All ages,632,Gout,3,Rate,2021,19.874778354199695,29.036555331544115,12.97890390360071,Viet Nam,VNM,12048.9019935536,9.396728813900122,16.95684110407342,2.9179372501262755
1,All Population,2,DALYs (Disability-Adjusted Life Years),23,Kiribati,3,Both,22,All ages,632,Gout,3,Rate,2021,14.896644033781634,21.79214596042664,9.69593331334581,Kiribati,KIR,3020.49399935695,8.01317567293784,6.65661986129917,8.240024172482464
1,All Population,2,DALYs (Disability-Adjusted Life Years),10,Cambodia,3,Both,22,All ages,632,Gout,3,Rate,2021,15.083798263765038,21.970153238944377,9.997289506406718,Cambodia,KHM,6225.53265474741,8.736414284699956,12.04095783279584,3.042840430969198
1,All Population,2,DALYs (Disability-Adjusted Life Years),27,Samoa,3,Both,22,All ages,632,Gout,3,Rate,2021,20.292942852059745,29.29895872543169,13.604984447597474,Samoa,WSM,6350.11428353253,8.756228089131483,12.188466853782089,8.104475998277657
1,All Population,2,DALYs (Disability-Adjusted Life Years),14,Maldives,3,Both,22,All ages,632,Gout,3,Rate,2021,20.0478144969416,30.00641762461964,12.844798792127474,Maldives,MDV,19052.6224904311,9.854960034619781,20.36826262018249,-0.3204481232408902
1,All Population,2,DALYs (Disability-Adjusted Life Years),43,Albania,3,Both,22,All ages,632,Gout,3,Rate,2021,18.222472421760088,26.96615263501511,12.24714687705966,Albania,ALB,18212.8702466686,9.809883779557968,20.032680714301037,-1.810208292540949
1,All Population,2,DALYs (Disability-Adjusted Life Years),22,Fiji,3,Both,22,All ages,632,Gout,3,Rate,2021,23.28284078007805,33.98755770569532,15.170045152880226,Fiji,FJI,10322.4279638854,9.242074279182773,15.80547519218726,7.477365587890791
1,All Population,2,DALYs (Disability-Adjusted Life Years),40,Turkmenistan,3,Both,22,All ages,632,Gout,3,Rate,2021,11.81943460985345,17.18845736563889,7.944000075081299,Turkmenistan,TKM,16434.1399060353,9.707116151661376,19.267600376878093,-7.448165767024642
1,All Population,2,DALYs (Disability-Adjusted Life Years),63,Ukraine,3,Both,22,All ages,632,Gout,3,Rate,2021,21.256426973282704,29.435516504647268,14.396208468839667,Ukraine,UKR,17846.408203125,9.789557545846655,19.881356780250158,1.3750701930325455
1,All Population,2,DALYs (Disability-Adjusted Life Years),28,Solomon Islands,3,Both,22,All ages,632,Gout,3,Rate,2021,13.66452995569615,20.03585129078605,9.029919359704728,Solomon Islands,SLB,2449.87009821452,7.803790280996172,5.097795846412289,8.56673410928386
1,All Population,2,DALYs (Disability-Adjusted Life Years),39,Tajikistan,3,Both,22,All ages,632,Gout,3,Rate,2021,7.904850353545947,11.65299892136682,5.222439951400328,Tajikistan,TJK,3985.91247611219,8.290521542707326,8.72139333101098,-0.8165429774650326
1,All Population,2,DALYs (Disability-Adjusted Life Years),29,Tonga,3,Both,22,All ages,632,Gout,3,Rate,2021,20.522276037349624,29.8319801997962,13.7750433078767,Tonga,TON,6929.17669288438,8.843496281790687,12.838157613922803,7.6841184234268205
1,All Population,2,DALYs (Disability-Adjusted Life Years),52,Romania,3,Both,22,All ages,632,Gout,3,Rate,2021,18.72733500671242,27.16273901837485,12.33685494159104,Romania,ROU,37534.1559176911,10.533006621881357,25.416156810097576,-6.6888218033851565
1,All Population,2,DALYs (Disability-Adjusted Life Years),50,Montenegro,3,Both,22,All ages,632,Gout,3,Rate,2021,17.704846008485685,26.01452496996539,11.190129319693895,Montenegro,MNE,23690.0773513056,10.072811562293369,21.99011498470651,-4.285268976220824
1,All Population,2,DALYs (Disability-Adjusted Life Years),67,Japan,3,Both,22,All ages,632,Gout,3,Rate,2021,47.32536558889703,67.99774380965772,31.24561039294873,Japan,JPN,44355.3487163354,10.699988582863483,26.659297453377775,20.666068135519254
1,All Population,2,DALYs (Disability-Adjusted Life Years),51,Poland,3,Both,22,All ages,632,Gout,3,Rate,2021,18.579475643917924,26.428146760600544,12.294687508943335,Poland,POL,41059.5847829682,10.622779578075816,26.084494933906598,-7.505019289988674
1,All Population,2,DALYs (Disability-Adjusted Life Years),45,Bulgaria,3,Both,22,All ages,632,Gout,3,Rate,2021,20.706365850126925,30.06088740992886,13.539979206506276,Bulgaria,BGR,30959.1118459807,10.340422640146853,23.982415263820485,-3.27604941369356
1,All Population,2,DALYs (Disability-Adjusted Life Years),34,Azerbaijan,3,Both,22,All ages,632,Gout,3,Rate,2021,15.233764092977893,22.417289143888883,10.218133336281472,Azerbaijan,AZE,20111.3756952109,9.90904088894066,20.77088160749213,-5.537117514514236
1,All Population,2,DALYs (Disability-Adjusted Life Years),74,Andorra,3,Both,22,All ages,632,Gout,3,Rate,2021,35.339897133813224,51.19174610514916,22.96374426355237,Andorra,AND,59332.2029100127,10.990907488346181,28.825118918025964,6.51477821578726
1,All Population,2,DALYs (Disability-Adjusted Life Years),47,Czechia,3,Both,22,All ages,632,Gout,3,Rate,2021,19.329946500238293,28.383303722564012,12.953268091951266,Czechia,CZE,47796.0337408466,10.774697938903921,27.215490687550542,-7.885544187312249
1,All Population,2,DALYs (Disability-Adjusted Life Years),30,Vanuatu,3,Both,22,All ages,632,Gout,3,Rate,2021,15.006120225223151,21.825309090445742,9.913728673621348,Vanuatu,VUT,3135.83664945678,8.050651291292448,6.935616850163484,8.070503375059667
1,All Population,2,DALYs (Disability-Adjusted Life Years),41,Uzbekistan,3,Both,22,All ages,632,Gout,3,Rate,2021,11.86706083666139,16.99344650482741,7.855301969280288,Uzbekistan,UZB,9247.64382703929,9.132124076658307,14.986922309641557,-3.1198614729801672
1,All Population,2,DALYs (Disability-Adjusted Life Years),36,Kazakhstan,3,Both,22,All ages,632,Gout,3,Rate,2021,14.305756386402416,20.96710137780884,9.37735044846851,Kazakhstan,KAZ,32945.8515725823,10.402620631324142,24.445464387858195,-10.139708001455778
1,All Population,2,DALYs (Disability-Adjusted Life Years),77,Cyprus,3,Both,22,All ages,632,Gout,3,Rate,2021,26.695473535236665,38.90060569331953,17.974541768326333,Cyprus,CYP,47632.76953125,10.771276238886937,27.190016951733767,-0.4945434164971019
1,All Population,2,DALYs (Disability-Adjusted Life Years),78,Denmark,3,Both,22,All ages,632,Gout,3,Rate,2021,33.628797410048016,49.73016109931022,21.59930458886959,Denmark,DNK,69715.1809680929,11.152173377452947,30.025704777385926,3.60309263266209
1,All Population,2,DALYs (Disability-Adjusted Life Years),87,Luxembourg,3,Both,22,All ages,632,Gout,3,Rate,2021,30.087943043147348,44.0851962821386,19.815556168181253,Luxembourg,LUX,136772.443753292,11.826073829327964,35.04273198393791,-4.954788940790564
1,All Population,2,DALYs (Disability-Adjusted Life Years),86,Italy,3,Both,22,All ages,632,Gout,3,Rate,2021,34.508804940628025,49.502573437547696,22.67228415000566,Italy,ITA,49825.3934111848,10.816280040909026,27.525059462114783,6.983745478513242
1,All Population,2,DALYs (Disability-Adjusted Life Years),57,Belarus,3,Both,22,All ages,632,Gout,3,Rate,2021,19.25274830228589,27.88158094362623,13.149337341230474,Belarus,BLR,27611.1801135157,10.22597604626053,23.130387826196255,-3.8776395239103643
1,All Population,2,DALYs (Disability-Adjusted Life Years),76,Belgium,3,Both,22,All ages,632,Gout,3,Rate,2021,32.95766898697291,47.35160348202811,21.695680033660828,Belgium,BEL,60669.2137746531,11.013191661805944,28.991019243826443,3.966649743146469
1,All Population,2,DALYs (Disability-Adjusted Life Years),85,Israel,3,Both,22,All ages,632,Gout,3,Rate,2021,23.383553799615964,34.27837184379404,15.371029588437867,Israel,ISR,46162.0822730247,10.739914010065442,26.956532681441686,-3.5729788818257227
1,All Population,2,DALYs (Disability-Adjusted Life Years),69,Singapore,3,Both,22,All ages,632,Gout,3,Rate,2021,38.71839989991545,56.97686134525244,25.574737850410227,Singapore,SGP,132617.354020876,11.795223223139416,34.81305662141824,3.905343278497206
1,All Population,2,DALYs (Disability-Adjusted Life Years),58,Estonia,3,Both,22,All ages,632,Gout,3,Rate,2021,23.341347881479468,33.22034802759693,15.693481275353852,Estonia,EST,44251.5374983455,10.697645395557778,26.641852985978986,-3.3005051044995177
1,All Population,2,DALYs (Disability-Adjusted Life Years),72,New Zealand,3,Both,22,All ages,632,Gout,3,Rate,2021,72.89478301694453,102.56003652480304,49.01718242085716,New Zealand,NZL,48248.7176729892,10.784124529688352,27.285669394656225,45.609113622288305
1,All Population,2,DALYs (Disability-Adjusted Life Years),81,Germany,3,Both,22,All ages,632,Gout,3,Rate,2021,37.50048514959617,54.39272631014684,25.556915424344837,Germany,DEU,62530.7653199239,11.04341395973039,29.216017002040715,8.284468147555458
1,All Population,2,DALYs (Disability-Adjusted Life Years),49,North Macedonia,3,Both,22,All ages,632,Gout,3,Rate,2021,18.0015988213057,26.132468069575665,11.993315426010636,North Macedonia,MKD,22144.2842571431,10.005334695091829,21.48776589498398,-3.4861670736782813
1,All Population,2,DALYs (Disability-Adjusted Life Years),92,Spain,3,Both,22,All ages,632,Gout,3,Rate,2021,35.744724716772794,51.79332615857971,23.95357725975223,Spain,ESP,44251.6658222621,10.697648295428332,26.641874574819624,9.10285014195317
1,All Population,2,DALYs (Disability-Adjusted Life Years),79,Finland,3,Both,22,All ages,632,Gout,3,Rate,2021,35.37538596497252,51.93838059455964,23.40200808980756,Finland,FIN,56790.3766177692,10.94712216461158,28.49914768620235,6.876238278770174
1,All Population,2,DALYs (Disability-Adjusted Life Years),97,Argentina,3,Both,22,All ages,632,Gout,3,Rate,2021,33.27791770067636,48.64593453402538,21.71892413944209,Argentina,ARG,26300.274261175,10.177334646293042,22.768264271711786,10.509653428964576
1,All Population,2,DALYs (Disability-Adjusted Life Years),89,Netherlands,3,Both,22,All ages,632,Gout,3,Rate,2021,35.983282318303445,52.34980677350815,23.231611823899257,Netherlands,NLD,68573.5648786446,11.135662387823704,29.90278442031162,6.080497897991826
1,All Population,2,DALYs (Disability-Adjusted Life Years),80,France,3,Both,22,All ages,632,Gout,3,Rate,2021,32.572001399981765,47.45056971523065,22.17168975962535,France,FRA,52517.3354905855,10.868898593896429,27.916791966778774,4.655209433202991
1,All Population,2,DALYs (Disability-Adjusted Life Years),88,Malta,3,Both,22,All ages,632,Gout,3,Rate,2021,32.97939126753782,48.16547199421756,22.09305422672572,Malta,MLT,56852.3218512267,10.948212340054914,28.507263780862786,4.472127486675035
1,All Population,2,DALYs (Disability-Adjusted Life Years),48,Hungary,3,Both,22,All ages,632,Gout,3,Rate,2021,19.251620346907856,28.223201094974517,12.766955082588913,Hungary,HUN,38887.1909527154,10.568420193960309,25.679802359090687,-6.42818201218283
1,All Population,2,DALYs (Disability-Adjusted Life Years),38,Mongolia,3,Both,22,All ages,632,Gout,3,Rate,2021,10.3772045567144,15.007754095573212,6.587729882261751,Mongolia,MNG,14792.2509086422,9.601858735378629,18.483984162179596,-8.106779605465196
1,All Population,2,DALYs (Disability-Adjusted Life Years),59,Latvia,3,Both,22,All ages,632,Gout,3,Rate,2021,22.823207743338944,32.32784830724407,15.008737142022875,Latvia,LVA,36912.0130602161,10.516292334233805,25.29172294804482,-2.468515204705877
1,All Population,2,DALYs (Disability-Adjusted Life Years),83,Iceland,3,Both,22,All ages,632,Gout,3,Rate,2021,29.479663250880748,42.27378095756045,19.28540867531692,Iceland,ISL,61610.2132740715,11.028582935682085,29.105603585720317,0.37405966516043065
1,All Population,2,DALYs (Disability-Adjusted Life Years),94,Switzerland,3,Both,22,All ages,632,Gout,3,Rate,2021,33.20775048880808,48.42153153979154,21.828847098872465,Switzerland,CHE,81001.4111206118,11.302221854744948,31.142779696657954,2.0649707921501275
1,All Population,2,DALYs (Disability-Adjusted Life Years),112,Grenada,3,Both,22,All ages,632,Gout,3,Rate,2021,9.94609864569579,14.693714717736349,6.658019414340322,Grenada,GRD,15290.250903138,9.634970708411624,18.73049485839138,-8.784396212695592
1,All Population,2,DALYs (Disability-Adjusted Life Years),101,Canada,3,Both,22,All ages,632,Gout,3,Rate,2021,74.98947714323161,107.97266811229213,50.51844818614994,Canada,CAN,56995.1176781351,10.950720888378548,28.525939321372675,46.463537821858935
1,All Population,2,DALYs (Disability-Adjusted Life Years),60,Lithuania,3,Both,22,All ages,632,Gout,3,Rate,2021,22.330604581255663,31.353536089233028,14.942317895885065,Lithuania,LTU,45873.5273239486,10.733643482911317,26.909850110975768,-4.5792455297201045
1,All Population,2,DALYs (Disability-Adjusted Life Years),71,Australia,3,Both,22,All ages,632,Gout,3,Rate,2021,68.07322730691111,97.02539692570532,45.112392747819605,Australia,AUS,58327.4146842325,10.973827496533854,28.697962476192885,39.37526483071822
1,All Population,2,DALYs (Disability-Adjusted Life Years),108,Belize,3,Both,22,All ages,632,Gout,3,Rate,2021,6.82884641453227,9.646908374971185,4.581968487404459,Belize,BLZ,11716.3267818656,9.368738599489822,16.748460672181764,-9.919614257649494
1,All Population,2,DALYs (Disability-Adjusted Life Years),99,Uruguay,3,Both,22,All ages,632,Gout,3,Rate,2021,39.567977153482445,56.59635947165781,26.620475227796565,Uruguay,URY,29431.8850087471,10.289833889762406,23.60579415261917,15.962183000863277
1,All Population,2,DALYs (Disability-Adjusted Life Years),90,Norway,3,Both,22,All ages,632,Gout,3,Rate,2021,27.913384361904143,39.962060023490906,18.561739677307337,Norway,NOR,88984.1386736515,11.39621341568173,31.842524320799527,-3.9291399588953837
1,All Population,2,DALYs (Disability-Adjusted Life Years),132,Panama,3,Both,22,All ages,632,Gout,3,Rate,2021,5.946133313120922,8.561784336023607,3.931782780885882,Panama,PAN,30932.7627809145,10.339571185353574,23.976076387134555,-18.029943074013634
1,All Population,2,DALYs (Disability-Adjusted Life Years),98,Chile,3,Both,22,All ages,632,Gout,3,Rate,2021,39.86458496446716,56.32613439590932,25.863572735723142,Chile,CHL,29089.850459728,10.27814461086854,23.51877027532049,16.34581468914667
1,All Population,2,DALYs (Disability-Adjusted Life Years),135,Brazil,3,Both,22,All ages,632,Gout,3,Rate,2021,9.445542316862944,13.654165933719945,6.4284294723093325,Brazil,BRA,18075.7060048757,9.802324106008314,19.976400758165468,-10.530858441302524
1,All Population,2,DALYs (Disability-Adjusted Life Years),119,Trinidad and Tobago,3,Both,22,All ages,632,Gout,3,Rate,2021,10.677676572879948,15.735997449144524,7.135170990665015,Trinidad and Tobago,TTO,30482.1201798631,10.324895567088213,23.866819929588885,-13.189143356708938
1,All Population,2,DALYs (Disability-Adjusted Life Years),114,Haiti,3,Both,22,All ages,632,Gout,3,Rate,2021,4.4774874880187046,6.630500881823037,2.8085495108430027,Haiti,HTI,3145.00681057269,8.053571334656104,6.957355872535423,-2.4798683845167186
1,All Population,2,DALYs (Disability-Adjusted Life Years),110,Dominica,3,Both,22,All ages,632,Gout,3,Rate,2021,10.597217266153985,15.369305594688818,7.086636773795038,Dominica,DMA,15808.9743503945,9.66833305462631,18.978869522880444,-8.38165225672646
1,All Population,2,DALYs (Disability-Adjusted Life Years),125,Colombia,3,Both,22,All ages,632,Gout,3,Rate,2021,6.003185881702622,8.444545122799944,3.660486521466001,Colombia,COL,17383.0901728295,9.763253183522773,19.685527112733638,-13.682341231031016
1,All Population,2,DALYs (Disability-Adjusted Life Years),136,Paraguay,3,Both,22,All ages,632,Gout,3,Rate,2021,7.0042057839847445,10.109343475863886,4.586908819381988,Paraguay,PRY,15406.1670646576,9.642523166983517,18.78672110074828,-11.782515316763536
1,All Population,2,DALYs (Disability-Adjusted Life Years),143,Iraq,3,Both,22,All ages,632,Gout,3,Rate,2021,10.3573930529385,15.29165260164844,6.8308743159768825,Iraq,IRQ,12731.7535755129,9.451854433479593,17.36723811811123,-7.0098450651727315
1,All Population,2,DALYs (Disability-Adjusted Life Years),123,Peru,3,Both,22,All ages,632,Gout,3,Rate,2021,9.230339040133622,12.877856319092412,6.103419448322727,Peru,PER,15280.5512106486,9.634336136065189,18.725770619495663,-9.495431579362041
1,All Population,2,DALYs (Disability-Adjusted Life Years),145,Kuwait,3,Both,22,All ages,632,Gout,3,Rate,2021,17.93681421999813,25.95260580894232,11.531417655862098,Kuwait,KWT,50651.9575337091,10.832733157176976,27.64754896589713,-9.710734745899
1,All Population,2,DALYs (Disability-Adjusted Life Years),146,Lebanon,3,Both,22,All ages,632,Gout,3,Rate,2021,15.793747832444806,22.359443842895367,10.562239571039722,Lebanon,LBN,11599.7755083765,9.358741024181025,16.674031122261994,-0.8802832898171875
1,All Population,2,DALYs (Disability-Adjusted Life Years),105,Antigua and Barbuda,3,Both,22,All ages,632,Gout,3,Rate,2021,9.632837701584789,14.16072707782831,6.31014990752566,Antigua and Barbuda,ATG,25745.4958067746,10.156014970666314,22.609544400911062,-12.976706699326273
1,All Population,2,DALYs (Disability-Adjusted Life Years),126,Costa Rica,3,Both,22,All ages,632,Gout,3,Rate,2021,6.671112732686415,9.552077631590189,4.46104708920965,Costa Rica,CRI,23852.9253020002,10.079662142966995,22.04111591447979,-15.370003181793376
1,All Population,2,DALYs (Disability-Adjusted Life Years),115,Jamaica,3,Both,22,All ages,632,Gout,3,Rate,2021,8.933904476077258,13.054308436960142,5.751786577940438,Jamaica,JAM,10430.6909771759,9.252507794810603,15.883150213207301,-6.949245737130044
1,All Population,2,DALYs (Disability-Adjusted Life Years),154,Tunisia,3,Both,22,All ages,632,Gout,3,Rate,2021,17.459243805396454,25.720116727851995,11.406413703231037,Tunisia,TUN,12444.3264026887,9.429020087397795,17.197241889117095,0.26200191627935965
1,All Population,2,DALYs (Disability-Adjusted Life Years),130,Mexico,3,Both,22,All ages,632,Gout,3,Rate,2021,6.684766475236137,9.76662463271212,4.473818962974151,Mexico,MEX,20782.5877417545,9.941870787301998,21.01529232543851,-14.33052585020237
1,All Population,2,DALYs (Disability-Adjusted Life Years),150,Oman,3,Both,22,All ages,632,Gout,3,Rate,2021,12.648284215037483,18.254029123560564,8.159620373642072,Oman,OMN,38719.4587682049,10.564097563198937,25.64762141000044,-12.999337194962957
1,All Population,2,DALYs (Disability-Adjusted Life Years),127,El Salvador,3,Both,22,All ages,632,Gout,3,Rate,2021,5.317170688189393,7.647871693042668,3.491511205565562,El Salvador,SLV,10809.713399518,9.288200397748765,16.148873080012308,-10.831702391822915
1,All Population,2,DALYs (Disability-Adjusted Life Years),148,Morocco,3,Both,22,All ages,632,Gout,3,Rate,2021,15.35566961169992,22.440491200187108,9.992813324567766,Morocco,MAR,8623.265625,9.062219134722346,14.466496785976531,0.8891728257233886
1,All Population,2,DALYs (Disability-Adjusted Life Years),139,Algeria,3,Both,22,All ages,632,Gout,3,Rate,2021,14.522705368507053,20.08584664976744,9.852726606798958,Algeria,DZA,14496.8654697299,9.581687730538205,18.333815869835618,-3.8111105013285655
1,All Population,2,DALYs (Disability-Adjusted Life Years),128,Guatemala,3,Both,22,All ages,632,Gout,3,Rate,2021,3.981326521863869,5.733494654141169,2.612447801926589,Guatemala,GTM,11825.141273764,9.377983160330121,16.81728421001938,-12.835957688155512
1,All Population,2,DALYs (Disability-Adjusted Life Years),177,Djibouti,3,Both,22,All ages,632,Gout,3,Rate,2021,8.994355253866077,13.091758219609218,5.77219712876994,Djibouti,DJI,5960.10807396825,8.69284389311114,11.716586719238933,-2.7222314653728557
1,All Population,2,DALYs (Disability-Adjusted Life Years),161,Bangladesh,3,Both,22,All ages,632,Gout,3,Rate,2021,9.851786626657391,14.143234648066333,6.187680679766572,Bangladesh,BGD,7441.06913961254,8.914769819063883,13.36877200156998,-3.516985374912588
1,All Population,2,DALYs (Disability-Adjusted Life Years),152,Saudi Arabia,3,Both,22,All ages,632,Gout,3,Rate,2021,13.62919631302954,20.07389270900319,8.484356606709959,Saudi Arabia,SAU,62690.4966645929,11.04596514678557,29.235009977678615,-15.605813664649075
1,All Population,2,DALYs (Disability-Adjusted Life Years),107,Barbados,3,Both,22,All ages,632,Gout,3,Rate,2021,12.09346353251254,17.33216868145153,8.132291061993294,Barbados,BRB,17682.7314537483,9.780343818248955,19.8127627885073,-7.719299255994759
1,All Population,2,DALYs (Disability-Adjusted Life Years),147,Libya,3,Both,22,All ages,632,Gout,3,Rate,2021,14.296286327720106,20.4890272155518,9.54972843703674,Libya,LBY,12641.5097714075,9.444741104508456,17.314281090291985,-3.0179947625718793
1,All Population,2,DALYs (Disability-Adjusted Life Years),118,Suriname,3,Both,22,All ages,632,Gout,3,Rate,2021,8.336818637925814,11.942960989425398,5.508445123840546,Suriname,SUR,18458.234999681,9.823265891334085,20.132307326325247,-11.795488688399432
1,All Population,2,DALYs (Disability-Adjusted Life Years),179,Ethiopia,3,Both,22,All ages,632,Gout,3,Rate,2021,6.762070092036836,9.599720933782026,4.538921046618859,Ethiopia,ETH,2588.41310215884,7.858800265045914,5.507331981670333,1.2547381103665032
1,All Population,2,DALYs (Disability-Adjusted Life Years),156,United Arab Emirates,3,Both,22,All ages,632,Gout,3,Rate,2021,23.45537780992949,34.39394974167803,14.9655257879712,United Arab Emirates,ARE,68580.1485423483,11.135758391986398,29.903499148273056,-6.448121338343565
1,All Population,2,DALYs (Disability-Adjusted Life Years),168,Angola,3,Both,22,All ages,632,Gout,3,Rate,2021,5.83199655954554,8.373370062828156,3.7521854251511626,Angola,AGO,8862.28133314521,9.089559497266059,14.670039226610243,-8.838042667064702
1,All Population,2,DALYs (Disability-Adjusted Life Years),129,Honduras,3,Both,22,All ages,632,Gout,3,Rate,2021,3.971007041800597,5.755124848138283,2.5353325595832987,Honduras,HND,6202.98078812037,8.732785227776699,12.013940374553385,-8.042933332752789
1,All Population,2,DALYs (Disability-Adjusted Life Years),172,Equatorial Guinea,3,Both,22,All ages,632,Gout,3,Rate,2021,6.240908181590099,9.150562494027245,4.088029993778625,Equatorial Guinea,GNQ,16821.4486470413,9.730410056277323,19.441017908918425,-13.200109727328327
1,All Population,2,DALYs (Disability-Adjusted Life Years),163,India,3,Both,22,All ages,632,Gout,3,Rate,2021,11.516656330814092,16.333793904987246,7.505218744657895,India,IND,8050.01857452664,8.99342967780456,13.954375780685268,-2.4377194498711763
1,All Population,2,DALYs (Disability-Adjusted Life Years),164,Nepal,3,Both,22,All ages,632,Gout,3,Rate,2021,10.518698762731336,14.914109624650068,6.998486637805061,Nepal,NPL,4546.22970006289,8.422053531086476,9.700617432128603,0.8180813306027339
1,All Population,2,DALYs (Disability-Adjusted Life Years),184,Mozambique,3,Both,22,All ages,632,Gout,3,Rate,2021,5.757623182078382,8.46999315319844,3.889661705013769,Mozambique,MOZ,1457.23540930922,7.284296364392583,1.2302882553625878,4.5273349267157945
1,All Population,2,DALYs (Disability-Adjusted Life Years),181,Madagascar,3,Both,22,All ages,632,Gout,3,Rate,2021,6.443066539837341,9.397978192712928,4.312322920016546,Madagascar,MDG,1577.43246056529,7.363553779277127,1.8203406966250597,4.622725843212281
1,All Population,2,DALYs (Disability-Adjusted Life Years),191,Zambia,3,Both,22,All ages,632,Gout,3,Rate,2021,5.62114195010255,8.43417400879767,3.632735532160158,Zambia,ZMB,3503.03491418372,8.161384990085791,7.760002674483076,-2.1388607243805255
1,All Population,2,DALYs (Disability-Adjusted Life Years),202,Cameroon,3,Both,22,All ages,632,Gout,3,Rate,2021,7.452976124720386,10.723929849404993,4.92299325286542,Cameroon,CMR,4793.55628200196,8.475027853764898,10.094998556798927,-2.6420224320785417
1,All Population,2,DALYs (Disability-Adjusted Life Years),194,Lesotho,3,Both,22,All ages,632,Gout,3,Rate,2021,10.19520153649174,14.821324857736398,6.768637884587519,Lesotho,LSO,2544.78249551214,7.841800461879424,5.380772525069574,4.814429011422167
1,All Population,2,DALYs (Disability-Adjusted Life Years),193,Botswana,3,Both,22,All ages,632,Gout,3,Rate,2021,12.26263828047766,17.152745405248233,8.581613220137402,Botswana,BWA,17960.6254447437,9.795937165567416,19.92885151870516,-7.666213238227499
1,All Population,2,DALYs (Disability-Adjusted Life Years),183,Mauritius,3,Both,22,All ages,632,Gout,3,Rate,2021,30.508220328375188,45.57082809549309,20.342614984727295,Mauritius,MUS,23010.2013826905,10.043692934955065,21.7733337892536,8.73488653912159
1,All Population,2,DALYs (Disability-Adjusted Life Years),175,Burundi,3,Both,22,All ages,632,Gout,3,Rate,2021,5.745322576962457,8.264603028061481,3.787045721903072,Burundi,BDI,1035.53857384938,6.942676931565655,-1.312986473139027,7.058309050101484
1,All Population,2,DALYs (Disability-Adjusted Life Years),209,Guinea-Bissau,3,Both,22,All ages,632,Gout,3,Rate,2021,5.810559593896814,8.381967646939831,3.80060408667773,Guinea-Bissau,GNB,2522.76764302521,7.833111848888793,5.316087885609974,0.49447170828683973
1,All Population,2,DALYs (Disability-Adjusted Life Years),186,Seychelles,3,Both,22,All ages,632,Gout,3,Rate,2021,27.83715330417657,40.85190336989089,18.47005437934789,Seychelles,SYC,29979.8272686091,10.308280010085925,23.74312109350626,4.09403221067031
1,All Population,2,DALYs (Disability-Adjusted Life Years),195,Namibia,3,Both,22,All ages,632,Gout,3,Rate,2021,9.52761929234418,13.870212181298944,6.202431012737925,Namibia,NAM,9709.09930646771,9.180818797607847,15.349442826046555,-5.821823533702375
1,All Population,2,DALYs (Disability-Adjusted Life Years),185,Rwanda,3,Both,22,All ages,632,Gout,3,Rate,2021,7.380082622103875,10.737028608429576,4.989270677946682,Rwanda,RWA,2733.43566762447,7.913314583258205,5.913178003670659,1.4669046184332162
1,All Population,2,DALYs (Disability-Adjusted Life Years),204,Chad,3,Both,22,All ages,632,Gout,3,Rate,2021,4.975062757933774,7.23409133023667,3.272931402344187,Chad,TCD,2435.07274651099,7.797731910434287,5.052692730882718,-0.07762997294894447
1,All Population,2,DALYs (Disability-Adjusted Life Years),214,Nigeria,3,Both,22,All ages,632,Gout,3,Rate,2021,6.345441871860812,9.085697582963428,4.177767130306213,Nigeria,NGA,7588.47885596359,8.934386436070014,13.514813009476171,-7.169371137615359
1,All Population,2,DALYs (Disability-Adjusted Life Years),213,Niger,3,Both,22,All ages,632,Gout,3,Rate,2021,4.84859992704139,7.238147803935129,3.155068461304898,Niger,NER,1585.59922021188,7.3687176717818845,1.8587846375899204,2.98981528945147
1,All Population,2,DALYs (Disability-Adjusted Life Years),200,Benin,3,Both,22,All ages,632,Gout,3,Rate,2021,6.708175093687223,9.675394780527332,4.15610563651886,Benin,BEN,3464.2886286745,8.150262588576828,7.677199063330413,-0.9690239696431897
1,All Population,2,DALYs (Disability-Adjusted Life Years),207,Ghana,3,Both,22,All ages,632,Gout,3,Rate,2021,8.70956604469577,12.720953300957358,5.765526022120134,Ghana,GHA,6607.50297378321,8.795961096540124,12.484269562643092,-3.774703517947323
1,All Population,2,DALYs (Disability-Adjusted Life Years),215,Sao Tome and Principe,3,Both,22,All ages,632,Gout,3,Rate,2021,9.370899976053645,14.0975025932308,6.27697519446602,Sao Tome and Principe,STP,5732.69456061536,8.653940954080293,11.42696367033082,-2.056063694277176
1,All Population,2,DALYs (Disability-Adjusted Life Years),216,Senegal,3,Both,22,All ages,632,Gout,3,Rate,2021,7.228316448488959,10.253902939902822,4.915362787830901,Senegal,SEN,4173.67741399619,8.336552800030553,9.064084999639299,-1.8357685511503394
1,All Population,2,DALYs (Disability-Adjusted Life Years),211,Mali,3,Both,22,All ages,632,Gout,3,Rate,2021,6.129825160158839,8.864178816212995,4.113980918283818,Mali,MLI,2796.22793795433,7.936026622904401,6.082263690591056,0.04756146956778373
1,All Population,2,DALYs (Disability-Adjusted Life Years),165,Pakistan,3,Both,22,All ages,632,Gout,3,Rate,2021,7.98248251302889,11.585720900052683,5.255096020021809,Pakistan,PAK,5367.27364714762,8.588075357861873,10.936610106560153,-2.954127593531263
1,All Population,2,DALYs (Disability-Adjusted Life Years),218,Togo,3,Both,22,All ages,632,Gout,3,Rate,2021,7.44951855110458,10.798044007190155,4.8700551842118935,Togo,TGO,2638.81095267963,7.878083697969036,5.650892514003921,1.798626037100659
1,All Population,2,DALYs (Disability-Adjusted Life Years),197,Eswatini,3,Both,22,All ages,632,Gout,3,Rate,2021,10.870470582563344,15.632414423644043,7.2291989976593,Eswatini,SWZ,9990.43491951205,9.209383406181649,15.562099484697754,-4.6916289021344095
1,All Population,2,DALYs (Disability-Adjusted Life Years),369,Nauru,3,Both,22,All ages,632,Gout,3,Rate,2021,13.559644915089471,19.67318306743797,8.88376255541783,Nauru,NRU,12112.2358384228,9.40197144695586,16.99587124955177,-3.4362263344622974
1,All Population,2,DALYs (Disability-Adjusted Life Years),217,Sierra Leone,3,Both,22,All ages,632,Gout,3,Rate,2021,6.811119030894767,9.688016817916738,4.348379152382829,Sierra Leone,SLE,2849.38865926436,7.954859744731819,6.222471764839369,0.5886472660553981
1,All Population,2,DALYs (Disability-Adjusted Life Years),198,Zimbabwe,3,Both,22,All ages,632,Gout,3,Rate,2021,8.187290025020516,11.606654236481203,5.586434352111668,Zimbabwe,ZWE,4827.0886936086,8.481998809970367,10.146895653530663,-1.9596056285101469
1,All Population,2,DALYs (Disability-Adjusted Life Years),176,Comoros,3,Both,22,All ages,632,Gout,3,Rate,2021,9.770285713852834,13.55792177732152,6.351040419913562,Comoros,COM,3377.88518482587,8.12500510769178,7.4891631769963425,2.2811225368564916
1,All Population,2,DALYs (Disability-Adjusted Life Years),380,Palau,3,Both,22,All ages,632,Gout,3,Rate,2021,35.07987419508882,50.56299541823907,22.893813801876952,Palau,PLW,15780.5501158866,9.666533455381986,18.96547193820078,16.11440225688804
1,All Population,2,DALYs (Disability-Adjusted Life Years),208,Guinea,3,Both,22,All ages,632,Gout,3,Rate,2021,6.549050417980596,9.389648198241677,4.348570135509481,Guinea,GIN,3738.8051255133,8.22652135420545,8.24492728020929,-1.695876862228693
1,All Population,2,DALYs (Disability-Adjusted Life Years),305,Bermuda,3,Both,22,All ages,632,Gout,3,Rate,2021,14.812031308232529,21.247170063334003,10.246224898547716,Bermuda,BMU,92319.6714861219,11.433012523309706,32.11648484958789,-17.304453541355365
1,All Population,2,DALYs (Disability-Adjusted Life Years),396,San Marino,3,Both,22,All ages,632,Gout,3,Rate,2021,38.24643512415452,55.48461204069144,25.765184306878403,San Marino,SMR,64745.1316780701,11.07821379029607,29.47509339269402,8.771341731460502
1,All Population,2,DALYs (Disability-Adjusted Life Years),349,Greenland,3,Both,22,All ages,632,Gout,3,Rate,2021,55.688923132718806,79.64599681493948,36.38293165528519,Greenland,GRL,69302.0088788237,11.14622917290826,29.981451600467835,25.70747153225097
1,All Population,2,DALYs (Disability-Adjusted Life Years),522,Sudan,3,Both,22,All ages,632,Gout,3,Rate,2021,9.77215319835155,14.453133581595443,6.350302330819021,Sudan,SDN,3248.9755859375,8.086095021309536,7.199486917771615,2.5726662805799343
1,All Population,2,DALYs (Disability-Adjusted Life Years),212,Mauritania,3,Both,22,All ages,632,Gout,3,Rate,2021,8.458228434172309,12.251775875605402,5.654831450984651,Mauritania,MRT,5836.56580821897,8.671897856317248,11.560648499918827,-3.102420065746518
1,All Population,2,DALYs (Disability-Adjusted Life Years),201,Burkina Faso,3,Both,22,All ages,632,Gout,3,Rate,2021,6.332677455042431,9.276779907802172,4.2464155089535085,Burkina Faso,BFA,2486.43093147762,7.818603600362044,5.208077455619026,1.1245999994234044
1,All Population,2,DALYs (Disability-Adjusted Life Years),131,Nicaragua,3,Both,22,All ages,632,Gout,3,Rate,2021,4.683823183278165,6.676124250640644,3.009200089043436,Nicaragua,NIC,7119.16923360042,8.870546316924203,13.039538636632372,-8.355715453354208
1,All Population,2,DALYs (Disability-Adjusted Life Years),416,Tuvalu,3,Both,22,All ages,632,Gout,3,Rate,2021,19.86440615087485,29.090240465403976,13.148327801529774,Tuvalu,TUV,5352.97862537897,8.585408437368217,10.91675552323533,8.947650627639518
1,All Population,2,DALYs (Disability-Adjusted Life Years),17,Sri Lanka,3,Both,22,All ages,632,Gout,3,Rate,2021,24.079706413738347,35.85457293572824,15.90850515609648,Sri Lanka,LKA,14316.1352225683,9.56914251739651,18.24041976738644,5.839286646351905
1,All Population,2,DALYs (Disability-Adjusted Life Years),62,Russian Federation,3,Both,22,All ages,632,Gout,3,Rate,2021,20.87201306163999,30.193648808313228,13.857354371384025,Russian Federation,RUS,38638.4296875,10.562002647943192,25.6320252684572,-4.760012206817208
1,All Population,2,DALYs (Disability-Adjusted Life Years),190,Uganda,3,Both,22,All ages,632,Gout,3,Rate,2021,5.578863966881313,8.00600586902099,3.644234274188276,Uganda,UGA,2684.92035939744,7.895406345198568,5.779855467209039,-0.20099150032772606
1,All Population,2,DALYs (Disability-Adjusted Life Years),533,Georgia,3,Both,22,All ages,632,Gout,3,Rate,2021,77.16771758969703,106.6088019520626,52.212350978711726,Georgia,GEO,18915.6534005263,9.847745080511011,20.314549017591773,56.85316857210526
1,All Population,2,DALYs (Disability-Adjusted Life Years),6,China,3,Both,22,All ages,632,Gout,3,Rate,2021,37.03927682655277,53.57030026980364,24.334863088772824,China,CHN,20843.2978347377,9.944787728776689,21.037008254991207,16.002268571561565
1,All Population,2,DALYs (Disability-Adjusted Life Years),203,Cabo Verde,3,Both,22,All ages,632,Gout,3,Rate,2021,12.706919338089364,18.658373775425943,8.6033181406565,Cabo Verde,CPV,7685.41921393669,8.94708020411884,13.609315067573078,-0.9023957294837146
1,All Population,2,DALYs (Disability-Adjusted Life Years),75,Austria,3,Both,22,All ages,632,Gout,3,Rate,2021,34.34194218821956,49.86060305313514,23.18850933275793,Austria,AUT,62968.9422311892,11.05039690336154,29.268003342281048,5.073938845938514
1,All Population,2,DALYs (Disability-Adjusted Life Years),144,Jordan,3,Both,22,All ages,632,Gout,3,Rate,2021,13.269233351922624,19.06715309472465,8.841587279718539,Jordan,JOR,9182.496161256,9.125054359643748,14.934289962377235,-1.6650566104546112
1,All Population,2,DALYs (Disability-Adjusted Life Years),180,Kenya,3,Both,22,All ages,632,Gout,3,Rate,2021,8.333840163058793,11.957241562662828,5.609517200165673,Kenya,KEN,5338.85243382781,8.582766008827674,10.897083276626226,-2.5632431135674327
1,All Population,2,DALYs (Disability-Adjusted Life Years),111,Dominican Republic,3,Both,22,All ages,632,Gout,3,Rate,2021,7.12860740258532,10.84069807112654,4.547127498910156,Dominican Republic,DOM,22053.4589869955,10.00122473873068,21.4571682557863,-14.32856085320098
1,All Population,2,DALYs (Disability-Adjusted Life Years),122,Ecuador,3,Both,22,All ages,632,Gout,3,Rate,2021,9.504419466170786,14.362695201783907,6.388350717371532,Ecuador,ECU,13507.4445638375,9.510996261607449,17.80753484136926,-8.303115375198475
1,All Population,2,DALYs (Disability-Adjusted Life Years),160,Afghanistan,3,Both,22,All ages,632,Gout,3,Rate,2021,5.142028727472498,7.567222532793929,3.4587438582181997,Afghanistan,AFG,2144.16657002819,7.670506210417376,4.105527913614061,1.0365008138584368
1,All Population,2,DALYs (Disability-Adjusted Life Years),33,Armenia,3,Both,22,All ages,632,Gout,3,Rate,2021,20.47503498319221,30.265398334761183,13.324244269925504,Armenia,ARM,15921.705281964,9.675438569363154,19.03176837559988,1.443266607592328
1,All Population,2,DALYs (Disability-Adjusted Life Years),24,Marshall Islands,3,Both,22,All ages,632,Gout,3,Rate,2021,15.8549009717243,22.95558527144688,10.717473577417811,Marshall Islands,MHL,6767.95785510528,8.819954674184117,12.662895992537159,3.192004979187141
1,All Population,2,DALYs (Disability-Adjusted Life Years),53,Serbia,3,Both,22,All ages,632,Gout,3,Rate,2021,18.63425649056763,27.31125028933617,12.630004932230932,Serbia,SRB,23406.4036315634,10.060764923376391,21.900430647760558,-3.2661741571929284
1,All Population,2,DALYs (Disability-Adjusted Life Years),91,Portugal,3,Both,22,All ages,632,Gout,3,Rate,2021,37.58298195477711,53.91945634271874,25.68270123713276,Portugal,PRT,38657.6677223425,10.562500423015528,25.635731084462677,11.947250870314434
1,All Population,2,DALYs (Disability-Adjusted Life Years),13,Malaysia,3,Both,22,All ages,632,Gout,3,Rate,2021,22.29467973731665,31.22887616404764,15.020288173646774,Malaysia,MYS,29822.8491831618,10.303030129802847,23.704036994158855,-1.4093572568422061
1,All Population,2,DALYs (Disability-Adjusted Life Years),113,Guyana,3,Both,22,All ages,632,Gout,3,Rate,2021,7.06760342572339,10.03290688490215,4.703004981354737,Guyana,GUY,22865.9270968882,10.037403181821148,21.72650808598013,-14.658904660256738
1,All Population,2,DALYs (Disability-Adjusted Life Years),44,Bosnia and Herzegovina,3,Both,22,All ages,632,Gout,3,Rate,2021,18.050604534845245,25.73300747736281,11.69354899011442,Bosnia and Herzegovina,BIH,18286.7373324233,9.813931340148317,20.062813831952823,-2.012209297107578
1,All Population,2,DALYs (Disability-Adjusted Life Years),82,Greece,3,Both,22,All ages,632,Gout,3,Rate,2021,41.08002408654461,60.18998436584469,26.81952898256485,Greece,GRC,33531.15511226,10.42023028897902,24.57656406483092,16.503460021713693
1,All Population,2,DALYs (Disability-Adjusted Life Years),182,Malawi,3,Both,22,All ages,632,Gout,3,Rate,2021,6.1774394419362375,9.109112431298044,4.087048347760116,Malawi,MWI,1687.59358179651,7.431058877088478,2.3228999564655766,3.854539485470661
1,All Population,2,DALYs (Disability-Adjusted Life Years),151,Qatar,3,Both,22,All ages,632,Gout,3,Rate,2021,16.939057881908617,26.05818530449501,10.742891816808037,Qatar,QAT,116832.656941972,11.668497907402202,33.869617045077945,-16.930559163169328
1,All Population,2,DALYs (Disability-Adjusted Life Years),210,Liberia,3,Both,22,All ages,632,Gout,3,Rate,2021,7.842754488105418,11.74061472218186,5.246023023575515,Liberia,LBR,1539.20892304674,7.339023877092364,1.637721459180419,6.205033028924999
1,All Population,2,DALYs (Disability-Adjusted Life Years),26,Papua New Guinea,3,Both,22,All ages,632,Gout,3,Rate,2021,12.420997291716173,17.717705397172498,8.235362263609373,Papua New Guinea,PNG,3976.90380116956,8.288258856121967,8.704548172164358,3.7164491195518146
1,All Population,2,DALYs (Disability-Adjusted Life Years),140,Bahrain,3,Both,22,All ages,632,Gout,3,Rate,2021,16.9014747122383,24.413726387720256,10.644853137650683,Bahrain,BHR,54954.6757895532,10.914264047923288,28.2545268895809,-11.353052177342601
1,All Population,2,DALYs (Disability-Adjusted Life Years),66,Brunei Darussalam,3,Both,22,All ages,632,Gout,3,Rate,2021,23.973323623912297,36.587602910201845,15.674731523724104,Brunei Darussalam,BRN,78248.797127611,11.267648736113141,30.885391121967857,-6.91206749805556
1,All Population,2,DALYs (Disability-Adjusted Life Years),162,Bhutan,3,Both,22,All ages,632,Gout,3,Rate,2021,11.982538058694916,17.161407726038554,7.840570033003503,Bhutan,BTN,13458.812666743,9.507389387327352,17.780682527583892,-5.798144468888976
1,All Population,2,DALYs (Disability-Adjusted Life Years),35,Georgia,3,Both,22,All ages,632,Gout,3,Rate,2021,19.69654183882017,28.06350999253608,13.431670958705013,Georgia,GEO,18915.6534005263,9.847745080511011,20.314549017591773,-0.6180071787716024
1,All Population,2,DALYs (Disability-Adjusted Life Years),55,Slovenia,3,Both,22,All ages,632,Gout,3,Rate,2021,20.17440694696038,30.059012942352417,13.19025657569011,Slovenia,SVN,45914.0572392406,10.734526607096774,26.916424758689487,-6.742017811729106
1,All Population,2,DALYs (Disability-Adjusted Life Years),15,Myanmar,3,Both,22,All ages,632,Gout,3,Rate,2021,16.90457113566132,24.12857295538208,10.947313147196098,Myanmar,MMR,5178.44718217164,8.55226051853145,10.669977219137259,6.234593916524062
1,All Population,2,DALYs (Disability-Adjusted Life Years),173,Gabon,3,Both,22,All ages,632,Gout,3,Rate,2021,11.108553812575447,16.396848573998035,7.050624725879581,Gabon,GAB,18523.5798032193,9.826799783431639,20.158616305268836,-9.050062492693389
1,All Population,2,DALYs (Disability-Adjusted Life Years),93,Sweden,3,Both,22,All ages,632,Gout,3,Rate,2021,32.179344969904186,48.69965731726769,20.82549949936583,Sweden,SWE,62731.700616293,11.046622190818853,29.23990151289233,2.939443457011855
1,All Population,2,DALYs (Disability-Adjusted Life Years),84,Ireland,3,Both,22,All ages,632,Gout,3,Rate,2021,29.724484598904876,43.74364508480526,19.6419389148768,Ireland,IRL,116903.61243517,11.66910504890888,33.87413706795189,-4.149652469047016
1,All Population,2,DALYs (Disability-Adjusted Life Years),153,Syrian Arab Republic,3,Both,22,All ages,632,Gout,3,Rate,2021,13.523626379132027,20.094774900342184,9.11697518013747,Syrian Arab Republic,SYR,4592.83860100874,8.432253543496897,9.776554077708624,3.747072301423403
1,All Population,2,DALYs (Disability-Adjusted Life Years),46,Croatia,3,Both,22,All ages,632,Gout,3,Rate,2021,20.478927113727707,29.134162230587428,13.653907302369094,Croatia,HRV,36930.2841941405,10.516787203298735,25.29540712952226,-4.8164800157945535
1,All Population,2,DALYs (Disability-Adjusted Life Years),25344,Niger,3,Both,22,All ages,632,Gout,3,Rate,2021,6.121688157242214,9.039924545530566,4.094377407632364,Niger,NER,1585.59922021188,7.3687176717818845,1.8587846375899204,4.262903519652293
1,All Population,2,DALYs (Disability-Adjusted Life Years),95,United Kingdom,3,Both,22,All ages,632,Gout,3,Rate,2021,33.466947178031155,48.17492619967253,22.449144882100864,United Kingdom,GBR,51004.4271714238,10.839667715221749,27.699175087053803,5.767772090977353
